1,"Abdullah, Ameer",RB,Minnesota,Nebraska
2,"Adams, Davante",WR,Green Bay,Fresno State
3,"Adams, Jerell",TE,Baltimore,South Carolina
4,"Adams, Josh",RB,NY Jets,Notre Dame
5,"Adams, Rodney",WR,Chicago,South Florida
6,"Adeboyejo, Quincy",WR,New England,Mississippi
7,"Adeoye, Aaron",TE,Baltimore,Southeast Missouri State
8,"Agholor, Nelson",WR,Las Vegas,Southern California
9,"Ahmed, Salvon",RB,Miami,Washington
10,"Aiyuk, Brandon",WR,San Francisco,Arizona State
11,"Akers, Cam",RB,LA Rams,Florida State
12,"Akins, Jordan",TE,Houston,Central Florida
13,"Alie-Cox, Mo",TE,Indianapolis,Virginia Commonwealth
14,"Allen, Brandon",QB,Cincinnati,Arkansas
15,"Allen, Josh",QB,Buffalo,Wyoming
16,"Allen, Keenan",WR,LA Chargers,California
17,"Allen, Kyle",QB,Washington,Houston
18,"Allison, Geronimo",WR,Detroit,Illinois
19,"Amendola, Danny",WR,Detroit,Texas Tech
20,"Anderson, Bruce",RB,Indianapolis,North Dakota State
21,"Anderson, Darius",RB,Indianapolis,Texas Christian
22,"Anderson, Robby",WR,Carolina,Temple
23,"Anderson, Stephen",TE,LA Chargers,California
24,"Andrews, Mark",TE,Baltimore,Oklahoma
25,"Arcega-Whiteside, J.J.",WR,Philadelphia,Stanford
26,"Armstead, Ryquell",RB,Jacksonville,Temple
27,"Arnold, Dan",WR,Arizona,Wisconsin-Platteville
28,"Asiasi, Devin",TE,New England,UCLA
29,"Ateman, Marcell",WR,Las Vegas,Oklahoma State
30,"Auclair, Antony",TE,Tampa Bay,Laval
31,"Austin, Tavon",WR,San Francisco,West Virginia
32,"Badet, Jeff",WR,Washington,Oklahoma
33,"Badgley, Michael",K,LA Chargers,Miami
34,"Bailey, Dan",K,Minnesota,Oklahoma State
35,"Ballage, Kalen",RB,NY Jets,Arizona State
36,"Barber, Peyton",RB,Washington,Auburn
37,"Bargas, Jake",RB,Minnesota,North Carolina
38,"Barkley, Matt",QB,Buffalo,Southern California
39,"Barkley, Saquon",RB,NY Giants,Penn State
40,"Barner, Kenjon",RB,Tampa Bay,Oregon
41,"Bass, Tyler",K,Buffalo,Georgia Southern
42,"Batson, Cameron",WR,Tennessee,Texas Tech
43,"Baugh, Marcus",TE,Washington,Ohio State
44,"Bawden, Nick",RB,Detroit,San Diego State
45,"Bayless, Omar",WR,Carolina,Arkansas State
46,"Beal, Sam",WR,NY Giants,Western Michigan
47,"Beasley, Cole",WR,Buffalo,Southern Methodist
48,"Beathard, C.J.",QB,San Francisco,Iowa
49,"Beck, Andrew",TE,Denver,Texas
50,"Becker, Nate",TE,Buffalo,Miami (OH)
51,"Beckham Jr., Odell",WR,Cleveland,Louisiana State
52,"Beebe, Chad",WR,Minnesota,Northern Illinois
53,"Begelton, Reggie",WR,Green Bay,Lamar
54,"Bell, Blake",TE,Dallas,Oklahoma
55,"Bell, Le'Veon",RB,NY Jets,Michigan State
56,"Bellamy, LeVante",RB,Denver,Western Michigan
57,"Benjamin, Eno",RB,Arizona,Arizona State
58,"Benjamin, Travis",WR,San Francisco,Miami
59,"Benkert, Kurt",QB,Atlanta,Virginia
60,"Benson, Trinity",WR,Denver,East Central (OK)
61,"Bernard, Giovani",RB,Cincinnati,North Carolina
62,"Berrios, Braxton",WR,NY Jets,Miami
63,"Berry, Rashod",TE,New England,Ohio State
64,"Blake, Christian",WR,Atlanta,Northern Illinois
65,"Blankenship, Rodrigo",K,Indianapolis,Georgia
66,"Blanton, Kendall",TE,LA Rams,Missouri
67,"Blasingame, Khari",RB,Tennessee,Vanderbilt
68,"Blough, David",QB,Detroit,Purdue
69,"Board, C.J.",WR,NY Giants,Tennessee-Chattanooga
70,"Bolden, Brandon",RB,New England,Mississippi
71,"Bonnafon, Reggie",RB,Carolina,Louisville
72,"Booker, Devontae",RB,Las Vegas,Utah
73,"Boone, Mike",RB,Minnesota,Cincinnati
74,"Bortles, Blake",QB,Denver,Central Florida
75,"Boswell, Chris",K,Pittsburgh,Rice
76,"Bourne, Kendrick",WR,San Francisco,Eastern Washington
77,"Bowden, Lynn",WR,Miami,Kentucky
78,"Bowers, Nick",TE,Las Vegas,Penn State
79,"Boyd, Tyler",WR,Cincinnati,Pittsburgh
80,"Boykin, Miles",WR,Baltimore,Notre Dame
81,"Boyle, Nick",TE,Baltimore,Delaware
82,"Boyle, Tim",QB,Green Bay,Eastern Kentucky
83,"Bradley, Ja'Marcus",WR,Cleveland,Louisiana-Lafayette
84,"Bradwell, Darius",RB,LA Chargers,Tulane
85,"Brady, Tom",QB,Tampa Bay,Michigan
86,"Brate, Cameron",TE,Tampa Bay,Harvard
87,"Bray, Tyler",QB,Chicago,Tennessee
88,"Breeland, Jacob",TE,Baltimore,Oregon
89,"Brees, Drew",QB,New Orleans,Purdue
90,"Breida, Matt",RB,Miami,Georgia Southern
91,"Bridgewater, Teddy",QB,Carolina,Louisville
92,"Brinkley, Beau",TE,Tennessee,Missouri
93,"Brissett, Jacoby",QB,Indianapolis,North Carolina State
94,"Brown, A.J.",WR,Tennessee,Mississippi
95,"Brown, Daniel",WR,NY Jets,James Madison
96,"Brown, Fred",WR,Denver,Mississippi State
97,"Brown, Jaron",WR,Arizona,Clemson
98,"Brown, John",WR,Buffalo,Pittsburg State
99,"Brown, Malcolm",RB,LA Rams,Texas
100,"Brown, Marquise",WR,Baltimore,Oklahoma
101,"Brown, Noah",WR,Dallas,Ohio State
102,"Brown, Pharaoh",TE,Houston,Oregon
103,"Brown, Tony",WR,Washington,Colorado
104,"Browning, Jake",QB,Minnesota,Washington
105,"Bryant, Harrison",TE,Cleveland,Florida Atlantic
106,"Bryant, Hunter",TE,Detroit,Washington
107,"Bryant, Ventell",WR,Dallas,Temple
108,"Bullock, Randy",K,Cincinnati,Texas A&M
109,"Burkhead, Rex",RB,New England,Nebraska
110,"Burnett, Deontay",WR,Philadelphia,Southern California
111,"Burrow, Joe",QB,Cincinnati,Louisiana State
112,"Burt, Jake",TE,New England,Boston College
113,"Burton, Michael",RB,New Orleans,Rutgers
114,"Burton, Trey",TE,Indianapolis,Florida
115,"Butker, Harrison",K,Kansas City,Georgia Tech
116,"Butler, Hakeem",WR,Carolina,Iowa State
117,"Butt, Jake",TE,Denver,Michigan
118,"Byrd, Damiere",WR,New England,South Carolina
119,"Cager, Lawrence",WR,NY Jets,Georgia
120,"Cain, Deon",WR,Pittsburgh,Clemson
121,"Calais, Raymond",RB,LA Rams,Louisiana-Lafayette
122,"Callaway, Antonio",WR,Miami,Florida
123,"Callaway, Marquez",WR,New Orleans,Tennessee
124,"Campbell, Parris",WR,Indianapolis,Ohio State
125,"Cannon, Trenton",RB,Carolina,Virginia State
126,"Carlson, Daniel",K,Las Vegas,Auburn
127,"Carlson, Stephen",TE,Cleveland,Princeton
128,"Carr, Austin",WR,New Orleans,Northwestern
129,"Carr, Derek",QB,Las Vegas,Fresno State
130,"Carr, Patrick",RB,Seattle,Houston
131,"Carrier, Derek",WR,Las Vegas,Beloit
132,"Carson, Chris",RB,Seattle,Oklahoma State
133,"Carter, Cethan",TE,Cincinnati,Nebraska
134,"Carter, DeAndre",WR,Houston,Sacramento State
135,"Cephus, Quintez",WR,Detroit,Wisconsin
136,"Chark, D.J.",WR,Jacksonville,Louisiana State
137,"Chisena, Dan",WR,Minnesota,Penn State
138,"Chubb, Nick",RB,Cleveland,Georgia
139,"Clark, Darion",TE,Chicago,Grand Canyon
140,"Claypool, Chase",WR,Pittsburgh,Notre Dame
141,"Clement, Corey",RB,Philadelphia,Wisconsin
142,"Cleveland, Tyrie",WR,Denver,Florida
143,"Cobb, Randall",WR,Houston,Kentucky
144,"Cohen, Tarik",RB,Chicago,North Carolina A&T
145,"Cole, Keelan",WR,Jacksonville,Kentucky Wesleyan
146,"Cole, Matt",WR,Miami,McKendree
147,"Coleman, Tevin",RB,San Francisco,Indiana
148,"Conklin, Tyler",TE,Minnesota,Central Michigan
149,"Conley, Chris",WR,Jacksonville,Georgia
150,"Conner, James",RB,Pittsburgh,Pittsburgh
151,"Cook, Dalvin",RB,Minnesota,Florida State
152,"Cook, Jared",TE,New Orleans,South Carolina
153,"Cooks, Brandin",WR,Houston,Oregon State
154,"Cooper, Amari",WR,Dallas,Alabama
155,"Cooper, Pharoh",WR,Carolina,South Carolina
156,"Core, Cody",WR,NY Giants,Mississippi
157,"Cotton, Jeff",WR,LA Chargers,Idaho
158,"Cottrell, Nate",RB,Jacksonville,Georgia Tech
159,"Coulter, Isaiah",WR,Houston,Rhode Island
160,"Cousins, Kirk",QB,Minnesota,Michigan State
161,"Coutee, Keke",WR,Houston,Texas Tech
162,"Cox, Chandler",RB,Miami,Auburn
163,"Cox, Jeremy",RB,Denver,Old Dominion
164,"Cracraft, River",WR,San Francisco,Washington State
165,"Crosby, Mason",K,Green Bay,Colorado
166,"Crowder, Jamison",WR,NY Jets,Duke
167,"Culkin, Sean",TE,Baltimore,Missouri
168,"Dallas, DeeJay",RB,Seattle,Miami
169,"Dalton, Andy",QB,Dallas,Texas Christian
170,"Daniel, Chase",QB,Detroit,Missouri
171,"Daniels, Darrell",TE,Arizona,Washington
172,"Darboh, Amara",WR,Pittsburgh,Michigan
173,"Darnold, Sam",QB,NY Jets,Southern California
174,"Davis, Corey",WR,Tennessee,Western Michigan
175,"Davis, Gabriel",WR,Buffalo,Central Florida
176,"Davis, Mike",RB,Carolina,South Carolina
177,"Davis, Reggie",WR,Chicago,Georgia
178,"Davis, Tyler",TE,Jacksonville,Georgia Tech
179,"Deguara, Josiah",TE,Green Bay,Cincinnati
180,"Dieter, Gehrig",WR,Kansas City,Alabama
181,"Diggs, Stefon",WR,Buffalo,Maryland
182,"Dillon, AJ",RB,Green Bay,Boston College
183,"Dillon, Brandon",TE,Minnesota,Marian (IN)
184,"Dillon, Derrick",WR,NY Giants,Louisiana State
185,"DiNucci, Ben",QB,Dallas,James Madison
186,"Dissly, Will",TE,Seattle,Washington
187,"Dobbins, J.K.",RB,Baltimore,Ohio State
188,"Dobbs, Joshua",QB,Pittsburgh,Tennessee
189,"Doctson, Josh",WR,NY Jets,Texas Christian
190,"Dolegala, Jacob",QB,New England,Central Connecticut State
191,"Dorsett, Phillip",WR,Seattle,Miami
192,"Doss, Keelan",WR,Las Vegas,California-Davis
193,"Dowdle, Rico",RB,Dallas,South Carolina
194,"Doyle, Jack",TE,Indianapolis,Western Kentucky
195,"Drake, Kenyan",RB,Arizona,Alabama
196,"Driskel, Jeff",QB,Denver,Louisiana Tech
197,"Dulin, Ashton",WR,Indianapolis,Malone (OH)
198,"Duvernay, Devin",WR,Baltimore,Texas
199,"Dwelley, Ross",TE,San Francisco,San Diego
200,"Eason, Jacob",QB,Indianapolis,Washington
201,"Eberle, Dominik",K,Las Vegas,Utah State
202,"Ebron, Eric",TE,Pittsburgh,North Carolina
203,"Edelman, Julian",WR,New England,Kent State
204,"Edmonds, Chase",RB,Arizona,Fordham
205,"Edmunds, Trey",TE,Pittsburgh,Maryland
206,"Edwards, Bryan",WR,Las Vegas,South Carolina
207,"Edwards, Gus",RB,Baltimore,Rutgers
208,"Edwards-Helaire, Clyde",RB,Kansas City,Louisiana State
209,"Eifert, Tyler",TE,Jacksonville,Notre Dame
210,"Ekeler, Austin",RB,LA Chargers,Western State
211,"Ellefson, Ben",TE,Jacksonville,North Dakota State
212,"Elliott, Ezekiel",RB,Dallas,Ohio State
213,"Elliott, Jake",K,Philadelphia,Memphis
214,"Engram, Evan",TE,NY Giants,Mississippi
215,"Erickson, Alex",WR,Cincinnati,Wisconsin
216,"Ertz, Zach",TE,Philadelphia,Stanford
217,"Ervin, Tyler",RB,Green Bay,San Jose State
218,"Etling, Danny",QB,Seattle,Louisiana State
219,"Evans, Darrynton",RB,Tennessee,Appalachian State
220,"Evans, Mike",WR,Tampa Bay,Texas A&M
221,"Everett, Gerald",TE,LA Rams,South Alabama
222,"Fairbairn, Ka'imi",K,Houston,UCLA
223,"Fales, David",QB,NY Jets,San Jose State
224,"Fant, George",TE,NY Jets,Western Kentucky
225,"Fant, Noah",TE,Denver,Iowa
226,"Fells, Darren",TE,Houston,California-Irvine
227,"Ffrench, Maurice",WR,Kansas City,Pittsburgh
228,"Ficken, Sam",K,NY Jets,Penn State
229,"Finley, Ryan",QB,Cincinnati,North Carolina State
230,"Firkser, Anthony",TE,Tennessee,Harvard
231,"Fitzgerald, Larry",WR,Arizona,Pittsburgh
232,"Fitzpatrick, Ryan",QB,Miami,Harvard
233,"Flacco, Joe",QB,NY Jets,Delaware
234,"Foles, Nick",QB,Chicago,Arizona
235,"Folk, Nick",K,New England,Arizona
236,"Forbath, Kai",K,Carolina,UCLA
237,"Ford, Isaiah",WR,Miami,Virginia Tech
238,"Fort, Austin",TE,Denver,Wyoming
239,"Fortson, Joe",WR,Kansas City,Valdosta State
240,"Foster, D.J.",RB,Arizona,Arizona State
241,"Foster, Robert",WR,Green Bay,Alabama
242,"Fountain, Daurice",WR,Indianapolis,Northern Iowa
243,"Fournette, Leonard",RB,Tampa Bay,Louisiana State
244,"Fowler, Bennie",WR,New Orleans,Michigan State
245,"Franklin, John",WR,Tampa Bay,Florida Atlantic
246,"Franks, Jordan",TE,Philadelphia,Central Florida
247,"Freeman, Devonta",RB,NY Giants,Florida State
248,"Freeman, Royce",RB,Denver,Oregon
249,"Fromm, Jake",QB,Buffalo,Georgia
250,"Fulgham, Travis",WR,Philadelphia,Old Dominion
251,"Fuller, Aaron",WR,Seattle,Washington
252,"Fuller, Will",WR,Houston,Notre Dame
253,"Fumagalli, Troy",TE,Houston,Wisconsin
254,"Funchess, Devin",WR,Green Bay,Michigan
255,"Gabbert, Blaine",QB,Tampa Bay,Missouri
256,"Gage, Russell",WR,Atlanta,Louisiana State
257,"Gallman, Wayne",RB,NY Giants,Clemson
258,"Gallup, Michael",WR,Dallas,Colorado State
259,"Gandy-Golden, Antonio",WR,Washington,Liberty
260,"Gano, Graham",K,NY Giants,Florida State
261,"Garoppolo, Jimmy",QB,San Francisco,Eastern Illinois
262,"Gaskin, Myles",RB,Miami,Washington
263,"Gay, Matt",K,Indianapolis,Utah
264,"Gentry, Zach",TE,Pittsburgh,Michigan
265,"Gesicki, Mike",TE,Miami,Penn State
266,"Gibson, Antonio",WR,Washington,Memphis
267,"Gilbert, Garrett",QB,Cleveland,Southern Methodist
268,"Gillaspia, Cullen",RB,Houston,Texas A&M
269,"Gilliam, Reggie",RB,Buffalo,Toledo
270,"Ginn Jr., Ted",WR,Chicago,Ohio State
271,"Glennon, Mike",QB,Jacksonville,North Carolina State
272,"Godwin, Chris",WR,Tampa Bay,Penn State
273,"Godwin, Terry",WR,Jacksonville,Georgia
274,"Goedert, Dallas",TE,Philadelphia,South Dakota State
275,"Goff, Jared",QB,LA Rams,California
276,"Golladay, Kenny",WR,Detroit,Northern Illinois
277,"Gonzalez, Zane",K,Arizona,Arizona State
278,"Goodwin, Marquise",WR,Philadelphia,Texas
279,"Gordon, Josh",WR,Seattle,Baylor
280,"Gordon, Melvin",RB,Denver,Wisconsin
281,"Gore, Frank",RB,NY Jets,Miami
282,"Gostkowski, Stephen",K,Tennessee,Memphis
283,"Gould, Robbie",K,San Francisco,Penn State
284,"Graham, Jaeden",TE,Atlanta,Yale
285,"Graham, Jimmy",TE,Chicago,Miami
286,"Grant, Jakeem",WR,Miami,Texas Tech
287,"Grayson, Cyril",WR,Tampa Bay,Louisiana State
288,"Green, A.J.",WR,Cincinnati,Georgia
289,"Green, Farrod",TE,Indianapolis,Mississippi State
290,"Green, Juwan",WR,Atlanta,Albany (NY)
291,"Green, Marcus",WR,Philadelphia,Louisiana-Monroe
292,"Green, Virgil",TE,LA Chargers,Nevada
293,"Grier, Will",QB,Carolina,West Virginia
294,"Griffin, Garrett",TE,New Orleans,Air Force
295,"Griffin III, Robert",QB,Baltimore,Baylor
296,"Griffin, Ryan",TE,NY Jets,Connecticut
297,"Griffin, Ryan",QB,Tampa Bay,Tulane
298,"Griffin-Stewart, Nakia",TE,Green Bay,Pittsburgh
299,"Grimble, Xavier",TE,Baltimore,Southern California
300,"Gronkowski, Rob",TE,Tampa Bay,Arizona
301,"Guidry, Stephen",WR,Dallas,Mississippi State
302,"Gurley, Todd",RB,Atlanta,Georgia
303,"Guyton, Jalen",WR,LA Chargers,North Texas
304,"Hall, Emanuel",WR,Washington,Missouri
305,"Hall, Marvin",WR,Detroit,Washington
306,"Ham, C.J.",RB,Minnesota,Augustana (SD)
307,"Hamilton, DaeSean",WR,Denver,Penn State
308,"Hamler, KJ",WR,Denver,Penn State
309,"Hammond, Josh",WR,Jacksonville,Florida
310,"Hansen, Chad",WR,Houston,California
311,"Hardee, Justin",WR,New Orleans,Illinois
312,"Hardman, Mecole",WR,Kansas City,Georgia
313,"Harmon, Kelvin",WR,Washington,North Carolina State
314,"Harrell, Chase",TE,San Francisco,Arkansas
315,"Harris, Clark",TE,Cincinnati,Rutgers
316,"Harris, Damien",RB,New England,Alabama
317,"Harris, De'Michael",WR,Indianapolis,Southern Mississippi
318,"Harris, Demetrius",TE,Chicago,Wisconsin-Milwaukee
319,"Harris, Deonte",WR,New Orleans,Assumption
320,"Harris, Dwayne",WR,Houston,East Carolina
321,"Harry, N'Keal",WR,New England,Arizona State
322,"Hart, Penny",WR,Seattle,Georgia State
323,"Haskins, Dwayne",QB,Washington,Ohio State
324,"Hasty, JaMycal",RB,San Francisco,Baylor
325,"Helm, Daniel",TE,Tampa Bay,Duke
326,"Hemingway, Temarrick",TE,Washington,South Carolina State
327,"Henderson, Darrell",RB,LA Rams,Memphis
328,"Henne, Chad",QB,Kansas City,Michigan
329,"Henry, Derrick",RB,Tennessee,Alabama
330,"Henry, Hunter",TE,LA Chargers,Arkansas
331,"Hentges, Hale",TE,Indianapolis,Alabama
332,"Herbert, Justin",QB,LA Chargers,Oregon
333,"Herndon IV, Chris",TE,NY Jets,Miami
334,"Higbee, Tyler",TE,LA Rams,Western Kentucky
335,"Higgins, Rashard",WR,Cleveland,Colorado State
336,"Higgins, Tee",WR,Cincinnati,Clemson
337,"Hightower, John",WR,Philadelphia,Boise State
338,"Hikutini, Cole",TE,Dallas,Louisville
339,"Hill, Brian",RB,Atlanta,Wyoming
340,"Hill, Josh",TE,New Orleans,Idaho State
341,"Hill, Justice",RB,Baltimore,Oklahoma State
342,"Hill, K.J.",WR,LA Chargers,Ohio State
343,"Hill, Taysom",QB,New Orleans,Brigham Young
344,"Hill, Tyreek",WR,Kansas City,West Alabama
345,"Hilliard, Dontrell",RB,Cleveland,Tulane
346,"Hilton, T.Y.",WR,Indianapolis,Florida International
347,"Hines, Nyheim",RB,Indianapolis,North Carolina State
348,"Hockenson, T.J.",TE,Detroit,Iowa
349,"Hodge, Khadarel",WR,Cleveland,Prairie View A&M
350,"Hodges, Devlin",QB,Pittsburgh,Samford
351,"Hodgins, Isaiah",WR,Buffalo,Oregon State
352,"Hogan, Chris",WR,NY Jets,Monmouth
353,"Hokit, Josh",RB,San Francisco,Fresno State
354,"Hollins, Alexander",WR,Minnesota,Eastern Illinois
355,"Hollins, Mack",WR,Miami,North Carolina
356,"Hollister, Cody",WR,Tennessee,Arkansas
357,"Hollister, Jacob",TE,Seattle,Wyoming
358,"Holton, Johnny",WR,NY Giants,Cincinnati
359,"Holtz, J.P.",TE,Chicago,Pittsburgh
360,"Holyfield, Elijah",RB,Philadelphia,Georgia
361,"Homer, Travis",RB,Seattle,Miami
362,"Hooper, Austin",TE,Cleveland,Stanford
363,"Hopkins, Brycen",TE,LA Rams,Purdue
364,"Hopkins, DeAndre",WR,Arizona,Clemson
365,"Hopkins, Dustin",K,Washington,Florida State
366,"Horsted, Jesper",WR,Chicago,Princeton
367,"Howard, Jordan",RB,Miami,Indiana
368,"Howard, O.J.",TE,Tampa Bay,Alabama
369,"Howell, Greg",RB,Houston,Florida Atlantic
370,"Hoyer, Brian",QB,New England,Michigan State
371,"Hudson, Tanner",TE,Tampa Bay,Southern Arkansas
372,"Hudson, Tommy",TE,Tennessee,Arizona State
373,"Humphrey, Lil'Jordan",WR,New Orleans,Texas
374,"Humphries, Adam",WR,Tennessee,Clemson
375,"Hundley, Brett",QB,Arizona,UCLA
376,"Hunt, Kareem",RB,Cleveland,Toledo
377,"Huntley, Jason",RB,Philadelphia,New Mexico State
378,"Huntley, Tyler",QB,Baltimore,Utah
379,"Hurd, Jalen",WR,San Francisco,Baylor
380,"Hurns, Allen",WR,Miami,Miami
381,"Hurst, Hayden",TE,Atlanta,South Carolina
382,"Hurst, John",WR,Tampa Bay,West Georgia
383,"Hurts, Jalen",QB,Philadelphia,Oklahoma
384,"Hyde, Carlos",RB,Seattle,Ohio State
385,"Hyman, Ishmael",WR,Carolina,James Madison
386,"Ingold, Alec",RB,Las Vegas,Wisconsin
387,"Ingram, Mark",RB,Baltimore,Alabama
388,"Inman, Dontrelle",WR,Washington,Virginia
389,"Irwin, Trenton",WR,Cincinnati,Stanford
390,"Isabella, Andy",WR,Arizona,Massachusetts
391,"Ives, Thomas",WR,Chicago,Colgate
392,"Izzo, Ryan",TE,New England,Florida State
393,"Jackson, Darius",RB,Indianapolis,Eastern Michigan
394,"Jackson, DeSean",WR,Philadelphia,California
395,"Jackson, Justin",RB,LA Chargers,Northwestern
396,"Jackson, Lamar",QB,Baltimore,Louisville
397,"Jackson, Trishton",WR,LA Rams,Syracuse
398,"Jacobs, Josh",RB,Las Vegas,Alabama
399,"James, Jesse",TE,Detroit,Penn State
400,"James, Richie",WR,San Francisco,Middle Tennessee State
401,"Janovich, Andy",RB,Cleveland,Nebraska
402,"Jarwin, Blake",TE,Dallas,Oklahoma State
403,"Jefferson, Justin",WR,Minnesota,Louisiana State
404,"Jefferson, Van",WR,LA Rams,Florida
405,"Jeffery, Alshon",WR,Philadelphia,South Carolina
406,"Jennings, Jauan",WR,San Francisco,Tennessee
407,"Jeudy, Jerry",WR,Denver,Alabama
408,"Johnson, Collin",WR,Jacksonville,Texas
409,"Johnson, D'Ernest",RB,Cleveland,South Florida
410,"Johnson, David",RB,Houston,Northern Iowa
411,"Johnson, Diontae",WR,Pittsburgh,Toledo
412,"Johnson, Duke",RB,Houston,Miami
413,"Johnson, Jakob",RB,New England,Tennessee
414,"Johnson, Jon'Vea",WR,Dallas,Toledo
415,"Johnson, Justin",TE,Arizona,Mississippi State
416,"Johnson, Juwan",WR,New Orleans,Oregon
417,"Johnson, KeeSean",WR,Arizona,Fresno State
418,"Johnson, Kerryon",RB,Detroit,Auburn
419,"Johnson, Marcus",WR,Indianapolis,Texas
420,"Johnson, Olabisi",WR,Minnesota,Colorado State
421,"Johnson, Ty",RB,Detroit,Maryland
422,"Johnson, Tyler",WR,Tampa Bay,Minnesota
423,"Johnson, Tyron",WR,LA Chargers,Oklahoma State
424,"Jones, Aaron",RB,Green Bay,Texas-El Paso
425,"Jones, Daniel",QB,NY Giants,Duke
426,"Jones, Julio",WR,Atlanta,Alabama
427,"Jones, Marvin",WR,Detroit,California
428,"Jones II, Ronald",RB,Tampa Bay,Southern California
429,"Jones, Taiwan",RB,Buffalo,Eastern Washington
430,"Jones, Tony",RB,New Orleans,Notre Dame
431,"Jones, Xavier",RB,LA Rams,Southern Methodist
432,"Jones, Zay",WR,Las Vegas,East Carolina
433,"Joseph, Greg",K,Tampa Bay,Florida Atlantic
434,"Juszczyk, Kyle",RB,San Francisco,Harvard
435,"Kamara, Alvin",RB,New Orleans,Tennessee
436,"Keene, Dalton",TE,New England,Virginia Tech
437,"Keenum, Case",QB,Cleveland,Houston
438,"Keizer, Nick",TE,Kansas City,Grand Valley State
439,"Kelce, Travis",TE,Kansas City,Cincinnati
440,"Kelley, Joshua",RB,LA Chargers,UCLA
441,"Kelly, Chad",QB,Indianapolis,Mississippi
442,"Kelly, John",RB,Cleveland,Tennessee
443,"Kemp, Marcus",WR,Kansas City,Hawaii
444,"Kennedy, Tom",WR,Detroit,Bryant
445,"Killins, Adrian",RB,Philadelphia,Central Florida
446,"Kinsey, Mason",WR,New England,Berry
447,"Kirk, Christian",WR,Arizona,Texas A&M
448,"Kirkwood, Keith",WR,Carolina,Temple
449,"Kittle, George",TE,San Francisco,Iowa
450,"Kizer, DeShone",QB,Las Vegas,Notre Dame
451,"Kmet, Cole",TE,Chicago,Notre Dame
452,"Knox, Dawson",TE,Buffalo,Mississippi
453,"Koo, Younghoe",K,Atlanta,Georgia Southern
454,"Koski, J.J.",WR,LA Rams,Cal Poly-S.L.O.
455,"Kroft, Tyler",TE,Buffalo,Rutgers
456,"Kumerow, Jake",WR,Buffalo,Wisconsin-Whitewater
457,"Kupp, Cooper",WR,LA Rams,Eastern Washington
458,"LaCosse, Matt",TE,New England,Illinois
459,"Laird, Patrick",RB,Miami,California
460,"Lamb, CeeDee",WR,Dallas,Oklahoma
461,"Lambo, Josh",K,Jacksonville,Texas A&M
462,"Landry, Jarvis",WR,Cleveland,Louisiana State
463,"Lazard, Allen",WR,Green Bay,Iowa State
464,"Lee, Marqise",WR,New England,Southern California
465,"Lenoir, Lance",WR,Seattle,Western Illinois
466,"Lewis, Dion",RB,NY Giants,Pittsburgh
467,"Lewis, Marcedes",TE,Green Bay,UCLA
468,"Lindsay, Phillip",RB,Denver,Colorado
469,"Lipscomb, Kalija",WR,Kansas City,Vanderbilt
470,"Lock, Drew",QB,Denver,Missouri
471,"Lockett, Tyler",WR,Seattle,Kansas State
472,"Logan, T.J.",RB,Tampa Bay,North Carolina
473,"Long, Ty",K,LA Chargers,Alabama-Birmingham
474,"Love, Bryce",RB,Washington,Stanford
475,"Love, Jordan",QB,Green Bay,Utah State
476,"Lovett, John",TE,Green Bay,Princeton
477,"Luton, Jake",QB,Jacksonville,Oregon State
478,"Lutz, Wil",K,New Orleans,Georgia State
479,"Mabry, Tyler",TE,Seattle,Maryland
480,"Mack, Austin",WR,NY Giants,Ohio State
481,"Mack, Marlon",RB,Indianapolis,South Florida
482,"Maher, Brett",K,Washington,Nebraska
483,"Mahomes, Patrick",QB,Kansas City,Texas Tech
484,"Malone, Josh",WR,NY Jets,Tennessee
485,"Manhertz, Chris",TE,Carolina,Canisius
486,"Mannion, Sean",QB,Minnesota,Oregon State
487,"Mariota, Marcus",QB,Las Vegas,Oregon
488,"Markway, Kyle",TE,Cleveland,South Carolina
489,"Mattison, Alexander",RB,Minnesota,Boise State
490,"Mayfield, Baker",QB,Cleveland,Oklahoma
491,"McCaffrey, Christian",RB,Carolina,Stanford
492,"McCann, Tucker",K,Tennessee,Missouri
493,"McCarron, A.J.",QB,Houston,Alabama
494,"McCloud, Ray Ray",WR,Pittsburgh,Clemson
495,"McCown, Josh",QB,Philadelphia,Sam Houston State
496,"McCoy, Colt",QB,NY Giants,Texas
497,"McCoy, LeSean",RB,Tampa Bay,Pittsburgh
498,"McCrane, Matthew",K,Cleveland,Kansas State
499,"McDonald, Vance",TE,Pittsburgh,Rice
500,"McFarland, Anthony",RB,Pittsburgh,Maryland
501,"McGough, Alex",QB,Houston,Florida International
502,"McGuire, Elijah",RB,Dallas,Louisiana-Lafayette
503,"McKenzie, Isaiah",WR,Buffalo,Georgia
504,"McKeon, Sean",TE,Dallas,Michigan
505,"McKinnon, Jerick",RB,San Francisco,Georgia Southern
506,"McKissic, J.D.",WR,Washington,Arkansas State
507,"McLaughlin, Chase",K,Minnesota,Illinois
508,"McLaurin, Terry",WR,Washington,Ohio State
509,"McManus, Brandon",K,Denver,Temple
510,"McNichols, Jeremy",RB,Tennessee,Boise State
511,"McSorley, Trace",QB,Baltimore,Penn State
512,"Merritt, Kirk",WR,Miami,Arkansas State
513,"Metcalf, D.K.",WR,Seattle,Mississippi
514,"Meyers, Jakobi",WR,New England,North Carolina State
515,"Michel, Marken",WR,Carolina,Massachusetts
516,"Michel, Sony",RB,New England,Georgia
517,"Mickens, Jaydon",WR,Tampa Bay,Washington
518,"Miller, Anthony",WR,Chicago,Memphis
519,"Miller, Scott",WR,Tampa Bay,Bowling Green
520,"Mims, Denzel",WR,NY Jets,Baylor
521,"Minshew, Gardner",QB,Jacksonville,Washington State
522,"Mitchell, Steven",WR,Houston,Southern California
523,"Mixon, Joe",RB,Cincinnati,Oklahoma
524,"Moncrief, Donte",WR,NY Jets,Mississippi
525,"Montez, Steven",QB,Washington,Colorado
526,"Montgomery, D.J.",WR,NY Jets,Austin Peay
527,"Montgomery, David",RB,Chicago,Iowa State
528,"Montgomery, Ty",RB,New Orleans,Stanford
529,"Mooney, Darnell",WR,Chicago,Tulane
530,"Moore, Chris",WR,Baltimore,Cincinnati
531,"Moore, D.J.",WR,Carolina,Maryland
532,"Moore, David",WR,Seattle,East Central (OK)
533,"Moore, Jason",WR,LA Chargers,Findlay
534,"Moore, Jaylon",WR,Baltimore,Tennessee-Martin
535,"Moore, Matt",QB,Kansas City,Oregon State
536,"Moreau, Foster",TE,Las Vegas,Louisiana State
537,"Morgan, James",QB,NY Jets,Florida International
538,"Morgan, Stanley",WR,Cincinnati,Nebraska
539,"Moss, Thaddeus",TE,Washington,Louisiana State
540,"Moss, Zack",RB,Buffalo,Utah
541,"Mostert, Raheem",RB,San Francisco,Purdue
542,"Mullens, Nick",QB,San Francisco,Southern Mississippi
543,"Mundt, John",TE,LA Rams,Oregon
544,"Murray, Kyler",QB,Arizona,Oklahoma
545,"Murray, Latavius",RB,New Orleans,Central Florida
546,"Myarick, Chris",TE,Miami,Temple
547,"Myers, Jason",K,Seattle,Marist
548,"Nabers, Gabe",RB,LA Chargers,Florida State
549,"Nall, Ryan",RB,Chicago,Oregon State
550,"Natson, JoJo",WR,Cleveland,Akron
551,"Nauta, Isaac",TE,Detroit,Georgia
552,"Newton, Cam",QB,New England,Auburn
553,"Njoku, David",TE,Cleveland,Miami
554,"Nugent, Mike",K,Arizona,Ohio State
555,"O'Leary, Nick",TE,Las Vegas,Florida State
556,"O'Shaughnessy, James",TE,Jacksonville,Illinois State
557,"Ogunbowale, Dare",RB,Jacksonville,Wisconsin
558,"Okwuegbunam, Albert",TE,Denver,Missouri
559,"Olawale, Jamize",RB,Dallas,North Texas
560,"Oliver, Josh",TE,Jacksonville,San Jose State
561,"Ollison, Qadree",RB,Atlanta,Pittsburgh
562,"Olonilua, Sewo",RB,Dallas,Texas Christian
563,"Olsen, Greg",TE,Seattle,Miami
564,"Olszewski, Gunner",WR,New England,Bemidji State
565,"Orzech, Matt",TE,Miami,Azusa Pacific
566,"Osborn, K.J.",WR,Minnesota,Miami
567,"Ott, Tyler",TE,Seattle,Harvard
568,"Ozigbo, Devine",RB,Jacksonville,Nebraska
569,"Parham, Donald",TE,LA Chargers,Stetson
570,"Parker, Aaron",WR,Dallas,Rhode Island
571,"Parker, DeVante",WR,Miami,Louisville
572,"Parkey, Cody",K,Cleveland,Auburn
573,"Parkinson, Colby",TE,Seattle,Stanford
574,"Pascal, Zach",WR,Indianapolis,Old Dominion
575,"Patmon, Dezmon",WR,Indianapolis,Washington State
576,"Patrick, Jacques",RB,Cincinnati,Florida State
577,"Patrick, Tim",WR,Denver,Utah
578,"Patterson, Cordarrelle",WR,Chicago,Tennessee
579,"Patton, Andre",WR,Arizona,Rutgers
580,"Pearson, Josh",WR,Tampa Bay,Jacksonville State
581,"Penny, Elijhaa",RB,NY Giants,Idaho
582,"Penny, Rashaad",RB,Seattle,San Diego State
583,"Peoples-Jones, Donovan",WR,Cleveland,Michigan
584,"Perine, Lamical",RB,NY Jets,Florida
585,"Perine, Samaje",RB,Cincinnati,Oklahoma
586,"Perkins, Bryce",QB,LA Rams,Virginia
587,"Perkins, Joshua",TE,Philadelphia,Washington
588,"Perriman, Breshad",WR,NY Jets,Central Florida
589,"Perry, Malcolm",WR,Miami,Navy
590,"Perry, Senorise",RB,Tennessee,Louisville
591,"Peterman, Nathan",QB,Las Vegas,Pittsburgh
592,"Peterson, Adrian",RB,Detroit,Oklahoma
593,"Pettis, Dante",WR,San Francisco,Washington
594,"Phillips, Scottie",RB,Houston,Mississippi
595,"Pierce, Artavis",RB,Chicago,Oregon State
596,"Pineiro, Eddy",K,Chicago,Florida
597,"Pinkney, Jared",TE,Atlanta,Vanderbilt
598,"Pittman, Michael",WR,Indianapolis,Southern California
599,"Platzgummer, Sandro",RB,NY Giants,--
600,"Pollard, Tony",RB,Dallas,Memphis
601,"Pope, Troymaine",RB,LA Chargers,Jacksonville State
602,"Powell, Brandon",WR,Atlanta,Florida
603,"Prater, Matt",K,Detroit,Central Florida
604,"Prescott, Dak",QB,Dallas,Mississippi State
605,"Pringle, Byron",WR,Kansas City,Kansas State
606,"Proche, James",WR,Baltimore,Southern Methodist
607,"Prosise, C.J.",RB,Houston,Notre Dame
608,"Pruitt, MyCole",TE,Tennessee,Southern Illinois
609,"Quinn, Trey",WR,Jacksonville,Southern Methodist
610,"Rader, Kevin",TE,Pittsburgh,Youngstown State
611,"Ratley, Damion",WR,NY Giants,Texas A&M
612,"Raymond, Kalif",WR,Tennessee,Holy Cross
613,"Reagor, Jalen",WR,Philadelphia,Texas Christian
614,"Reed, Joe",WR,LA Chargers,Virginia
615,"Reed, Jordan",TE,San Francisco,Florida
616,"Renfrow, Hunter",WR,Las Vegas,Clemson
617,"Reynolds, Josh",WR,LA Rams,Texas A&M
618,"Ricci, Giovanni",TE,Carolina,Western Michigan
619,"Richard, Jalen",RB,Las Vegas,Southern Mississippi
620,"Richardson, A.J.",WR,Arizona,Boise State
621,"Riddick, Theo",RB,Las Vegas,Notre Dame
622,"Ridley, Calvin",WR,Atlanta,Alabama
623,"Ridley, Riley",WR,Chicago,Georgia
624,"Rivers, Philip",QB,Indianapolis,North Carolina State
625,"Roberts, Andre",WR,Buffalo,Citadel
626,"Roberts, Seth",WR,Carolina,West Alabama
627,"Robinson, Allen",WR,Chicago,Penn State
628,"Robinson, Demarcus",WR,Kansas City,Florida
629,"Robinson, James",RB,Jacksonville,Illinois State
630,"Rodgers, Aaron",QB,Green Bay,California
631,"Rodgers, Richard",TE,Philadelphia,California
632,"Roethlisberger, Ben",QB,Pittsburgh,Miami (OH)
633,"Rogers, Chester",WR,Tennessee,Grambling
634,"Rohrwasser, Justin",K,New England,Marshall
635,"Rosen, Josh",QB,Tampa Bay,UCLA
636,"Ross, Devin",WR,New England,Colorado
637,"Ross, John",WR,Cincinnati,Washington
638,"Rowland, Chris",WR,Atlanta,Tennessee State
639,"Rudolph, Kyle",TE,Minnesota,Notre Dame
640,"Rudolph, Mason",QB,Pittsburgh,Oklahoma State
641,"Ruggs, Henry",WR,Las Vegas,Alabama
642,"Rush, Cooper",QB,NY Giants,Central Michigan
643,"Ryan, Matt",QB,Atlanta,Boston College
644,"Rypien, Brett",QB,Denver,Boise State
645,"Sample, Drew",TE,Cincinnati,Washington
646,"Samuel, Curtis",WR,Carolina,Ohio State
647,"Samuel, Deebo",WR,San Francisco,South Carolina
648,"Samuels, Jaylen",RB,Pittsburgh,North Carolina State
649,"Sanders, Emmanuel",WR,New Orleans,Southern Methodist
650,"Sanders, Jason",K,Miami,New Mexico
651,"Sanders, Miles",RB,Philadelphia,Penn State
652,"Santos, Cairo",K,Chicago,Tulane
653,"Sanu, Mohamed",WR,San Francisco,Rutgers
654,"Saubert, Eric",TE,Jacksonville,Drake
655,"Scarbrough, Bo",RB,Detroit,Alabama
656,"Schaub, Matt",QB,Atlanta,Virginia
657,"Schreck, Mason",TE,Cincinnati,Buffalo
658,"Schultz, Dalton",TE,Dallas,Stanford
659,"Scott, Boston",RB,Philadelphia,Louisiana Tech
660,"Scott, Da'Mari",WR,NY Giants,Fresno State
661,"Scott, Jaleel",WR,NY Jets,New Mexico State
662,"Seals-Jones, Ricky",TE,Kansas City,Texas A&M
663,"Seibert, Austin",K,Cincinnati,Oklahoma
664,"Shaheen, Adam",TE,Miami,Ashland
665,"Sharpe, Tajae",WR,Minnesota,Massachusetts
666,"Shenault, Laviska",WR,Jacksonville,Colorado
667,"Shepard, Sterling",WR,NY Giants,Oklahoma
668,"Shepherd, Darrius",WR,Green Bay,North Dakota State
669,"Sherfield, Trent",WR,Arizona,Vanderbilt
670,"Sherman, Anthony",RB,Kansas City,Connecticut
671,"Siemian, Trevor",QB,Tennessee,Northwestern
672,"Sills, David",WR,NY Giants,West Virginia
673,"Sims, Cam",WR,Washington,Alabama
674,"Sims, Steven",WR,Washington,Kansas
675,"Singletary, Devin",RB,Buffalo,Florida Atlantic
676,"Sinnett, Reid",QB,Miami,San Diego
677,"Slater, Matt",WR,New England,UCLA
678,"Slayton, Darius",WR,NY Giants,Auburn
679,"Sloman, Samuel",K,LA Rams,Miami (OH)
680,"Slye, Joey",K,Carolina,Virginia Tech
681,"Smallwood, Wendell",RB,Pittsburgh,West Virginia
682,"Smith, Alex",QB,Washington,Utah
683,"Smith, Devin",WR,Houston,Ohio State
684,"Smith, Geno",QB,Seattle,West Virginia
685,"Smith, Irv",TE,Minnesota,Alabama
686,"Smith, Ito",RB,Atlanta,Southern Mississippi
687,"Smith, Jeff",WR,NY Jets,Boston College
688,"Smith, Jonnu",TE,Tennessee,Florida International
689,"Smith, Kaden",TE,NY Giants,Stanford
690,"Smith, Lee",TE,Buffalo,Marshall
691,"Smith, Rod",RB,NY Giants,Ohio State
692,"Smith, Tre'Quan",WR,New Orleans,Central Florida
693,"Smith, Vyncint",WR,NY Jets,Limestone
694,"Smith-Schuster, JuJu",WR,Pittsburgh,Southern California
695,"Smythe, Durham",TE,Miami,Notre Dame
696,"Snead, Willie",WR,Baltimore,Ball State
697,"Snell, Benjamin",RB,Pittsburgh,Kentucky
698,"Spencer, Diontae",WR,Denver,McNeese State
699,"Sprinkle, Jeremy",TE,Washington,Arkansas
700,"St. Brown, Equanimeous",WR,Green Bay,Notre Dame
701,"Stafford, Matthew",QB,Detroit,Georgia
702,"Stanley, Nathan",QB,Minnesota,Iowa
703,"Stanton, Johnny",RB,Cleveland,Nevada-Las Vegas
704,"Sternberger, Jace",TE,Green Bay,Texas A&M
705,"Stevens, Tommy",QB,New Orleans,Mississippi State
706,"Stick, Easton",QB,LA Chargers,North Dakota State
707,"Stidham, Jarrett",QB,New England,Auburn
708,"Stills, Kenny",WR,Houston,Oklahoma
709,"Stocker, Luke",TE,Atlanta,Tennessee
710,"Streveler, Chris",QB,Arizona,South Dakota
711,"Succop, Ryan",K,Tampa Bay,South Carolina
712,"Sudfeld, Nate",QB,Philadelphia,Indiana
713,"Sullivan, Stephen",TE,Seattle,Louisiana State
714,"Sutton, Courtland",WR,Denver,Southern Methodist
715,"Swaim, Geoff",TE,Tennessee,Texas
716,"Swain, Freddie",WR,Seattle,Florida
717,"Sweeney, Tommy",TE,Buffalo,Boston College
718,"Swift, D'Andre",RB,Detroit,Georgia
719,"Ta'amu, Jordan",QB,Kansas City,Mississippi
720,"Tagovailoa, Tua",QB,Miami,Alabama
721,"Tannehill, Ryan",QB,Tennessee,Texas A&M
722,"Tate, Auden",WR,Cincinnati,Florida State
723,"Tate, Golden",WR,NY Giants,Notre Dame
724,"Taylor, J.J.",RB,New England,Arizona
725,"Taylor, Jonathan",RB,Indianapolis,Wisconsin
726,"Taylor, Malik",WR,Green Bay,Ferris State
727,"Taylor, Patrick",RB,Green Bay,Memphis
728,"Taylor, Taywan",WR,Cleveland,Western Kentucky
729,"Taylor, Trent",WR,San Francisco,Louisiana Tech
730,"Taylor, Tyrod",QB,LA Chargers,Virginia Tech
731,"Thielen, Adam",WR,Minnesota,Mankato State
732,"Thomas, De'Anthony",WR,Baltimore,Oregon
733,"Thomas, Ian",TE,Carolina,Indiana
734,"Thomas, Jordan",TE,Arizona,Mississippi State
735,"Thomas, Logan",TE,Washington,Virginia Tech
736,"Thomas, Michael",WR,New Orleans,Ohio State
737,"Thomas, Mike",WR,Cincinnati,Southern Mississippi
738,"Thompson, Chris",RB,Jacksonville,Florida State
739,"Thompson, Chris",WR,San Francisco,Florida
740,"Thompson, Cody",WR,Seattle,Toledo
741,"Thompson, Colin",TE,Carolina,Temple
742,"Thompson, Darwin",RB,Kansas City,Utah State
743,"Togiai, Noah",TE,Indianapolis,Oregon State
744,"Toilolo, Levine",TE,NY Giants,Stanford
745,"Tomlinson, Eric",TE,NY Giants,Texas-El Paso
746,"Tonyan, Robert",TE,Green Bay,Indiana State
747,"Trautman, Adam",TE,New Orleans,Dayton
748,"Travis, Ross",TE,NY Jets,Penn State
749,"Treadwell, Laquon",WR,Atlanta,Mississippi
750,"Trubisky, Mitchell",QB,Chicago,North Carolina
751,"Tucker, Justin",K,Baltimore,Texas
752,"Turner, Malik",WR,Dallas,Illinois
753,"Ursua, John",WR,Seattle,Hawaii
754,"Uzomah, C.J.",TE,Cincinnati,Auburn
755,"Valdes-Scantling, Marquez",WR,Green Bay,South Florida
756,"Vander Laan, Jason",TE,New Orleans,Ferris State
757,"Vannett, Nick",TE,Denver,Ohio State
758,"Vaughn, Ke'Shawn",RB,Tampa Bay,Vanderbilt
759,"Veasy, Jordan",WR,Washington,California
760,"Victor, Binjimen",WR,NY Giants,Ohio State
761,"Vitale, Dan",RB,New England,Northwestern
762,"Wade, Christian",RB,Buffalo,--
763,"Walker, Phillip",QB,Carolina,Temple
764,"Waller, Darren",TE,Las Vegas,Georgia Tech
765,"Walter, Austin",RB,San Francisco,Rice
766,"Ward, Greg",WR,Philadelphia,Houston
767,"Ward, JoJo",WR,Arizona,Hawaii
768,"Ward, Jonathan",RB,Arizona,Central Michigan
769,"Warren, Michael",RB,Philadelphia,Cincinnati
770,"Warring, Kahale",TE,Houston,San Diego State
771,"Washington, DeAndre",RB,Kansas City,Texas Tech
772,"Washington, Dwayne",RB,New Orleans,Washington
773,"Washington, James",WR,Pittsburgh,Oklahoma State
774,"Washington, Scotty",WR,Cincinnati,Wake Forest
775,"Watkins, Quez",WR,Philadelphia,Southern Mississippi
776,"Watkins, Sammy",WR,Kansas City,Clemson
777,"Watson, Deshaun",QB,Houston,Clemson
778,"Watson, Justin",WR,Tampa Bay,Pennsylvania
779,"Watt, Derek",RB,Pittsburgh,Wisconsin
780,"Webb, Davis",QB,Buffalo,California
781,"Webb, Joe",QB,Detroit,Alabama-Birmingham
782,"Webster, Nsimba",WR,LA Rams,Eastern Washington
783,"Wentz, Carson",QB,Philadelphia,North Dakota State
784,"Wesco, Trevon",TE,NY Jets,West Virginia
785,"Wesley, Antoine",WR,Baltimore,Texas Tech
786,"Westbrook, Dede",WR,Jacksonville,Oklahoma
787,"Westbrook, Nick",WR,Tennessee,Indiana
788,"White, Cody",WR,Pittsburgh,Michigan State
789,"White, DeAndrew",WR,Baltimore,Alabama
790,"White, James",RB,New England,Wisconsin
791,"White, Kevin",WR,San Francisco,West Virginia
792,"White, Mike",QB,NY Jets,Western Kentucky
793,"Whyte, Kerrith",RB,Detroit,Florida Atlantic
794,"Wick, Cole",TE,New Orleans,Incarnate Word
795,"Wilcox, Mitchell",TE,Cincinnati,South Florida
796,"Wilkerson, Kristian",WR,New England,Southeast Missouri State
797,"Wilkins, Jordan",RB,Indianapolis,Mississippi
798,"Williams, Antonio",RB,Buffalo,North Carolina
799,"Williams, D'haquille",WR,Buffalo,Auburn
800,"Williams, Damien",RB,Kansas City,Oklahoma
801,"Williams, Darrel",RB,Kansas City,Louisiana State
802,"Williams, Dexter",RB,Green Bay,Notre Dame
803,"Williams, Jamaal",RB,Green Bay,Brigham Young
804,"Williams, Maxx",TE,Arizona,Minnesota
805,"Williams, Mike",WR,LA Chargers,Clemson
806,"Williams, Preston",WR,Miami,Colorado State
807,"Williams, Trayveon",RB,Cincinnati,Texas A&M
808,"Williams, Ty'Son",RB,Baltimore,Brigham Young
809,"Williams, Tyrell",WR,Las Vegas,Western Oregon
810,"Willson, Luke",TE,Seattle,Rice
811,"Wilson, Albert",WR,Miami,Georgia State
812,"Wilson, Caleb",TE,Philadelphia,UCLA
813,"Wilson, Cedrick",WR,Dallas,Boise State
814,"Wilson, Jeffery",RB,San Francisco,North Texas
815,"Wilson, Russell",QB,Seattle,Wisconsin
816,"Wims, Javon",WR,Chicago,Georgia
817,"Winston, Jameis",QB,New Orleans,Florida State
818,"Witten, Jason",TE,Las Vegas,Tennessee
819,"Woerner, Charlie",TE,San Francisco,Georgia
820,"Wolf, Eli",TE,Baltimore,Georgia
821,"Wolf, Ethan",TE,Indianapolis,Tennessee
822,"Wolford, John",QB,LA Rams,Wake Forest
823,"Woods, Robert",WR,LA Rams,Southern California
824,"Woodside, Logan",QB,Tennessee,Toledo
825,"Wright, Isaiah",WR,Washington,Temple
826,"Yelder, Deon",TE,Kansas City,Western Kentucky
827,"Yeldon, T.J.",RB,Buffalo,Alabama
828,"Zaccheaus, Olamide",WR,Atlanta,Virginia
829,"Zuber, Isaiah",WR,New England,Mississippi State
830,"Zuerlein, Greg",K,Dallas,Missouri Western State
831,"Zylstra, Brandon",WR,Carolina,Concordia-Moorhead